{"ms/batch": 225.93454480171204, "loss": 1.3036310768127441, "bpc": 1.8807420896664855, "_timestamp": 1682173313.0178363, "_runtime": 905.2423622608185, "_step": 19, "_wandb": {"runtime": 1217}}